timestamp,date,time,location
2026-06-10 12:28:35,2026-06-10,12:28:35,my_desk
2026-06-10 12:28:41,2026-06-10,12:28:41,my_desk
2026-06-10 12:28:54,2026-06-10,12:28:54,my_desk
2026-06-10 12:28:59,2026-06-10,12:28:59,my_desk
2026-06-10 12:29:12,2026-06-10,12:29:12,my_desk
2026-06-10 12:29:20,2026-06-10,12:29:20,my_desk
2026-06-10 12:29:29,2026-06-10,12:29:29,my_desk
2026-06-10 12:29:36,2026-06-10,12:29:36,my_desk
2026-06-10 12:29:42,2026-06-10,12:29:42,my_desk
2026-06-10 12:29:59,2026-06-10,12:29:59,my_desk
2026-06-10 12:44:44,2026-06-10,12:44:44,my_desk
2026-06-10 12:45:44,2026-06-10,12:45:44,my_desk
2026-06-10 12:47:52,2026-06-10,12:47:52,my_desk
2026-06-10 13:17:30,2026-06-10,13:17:30,my_desk
2026-06-10 14:34:26,2026-06-10,14:34:26,rahul_desk
2026-06-10 14:35:56,2026-06-10,14:35:56,rahul_desk
2026-06-10 14:35:59,2026-06-10,14:35:59,my_desk
2026-06-10 14:43:36,2026-06-10,14:43:36,my_desk
2026-06-10 14:47:14,2026-06-10,14:47:14,my_desk
2026-06-10 14:48:48,2026-06-10,14:48:48,my_desk
2026-06-10 14:49:06,2026-06-10,14:49:06,my_desk
2026-06-10 14:49:56,2026-06-10,14:49:56,my_desk
2026-06-10 14:51:41,2026-06-10,14:51:41,my_desk
2026-06-10 15:30:39,2026-06-10,15:30:39,rahul_desk
2026-06-10 15:31:47,2026-06-10,15:31:47,rahul_desk
2026-06-10 15:57:04,2026-06-10,15:57:04,aadhil
2026-06-10 16:15:04,2026-06-10,16:15:04,my_desk
2026-06-10 16:15:11,2026-06-10,16:15:11,my_desk
2026-06-11 12:08:10,2026-06-11,12:08:10,my_desk
2026-06-11 12:16:09,2026-06-11,12:16:09,my_desk
2026-06-11 12:16:25,2026-06-11,12:16:25,my_desk
2026-06-11 12:22:46,2026-06-11,12:22:46,my_desk
2026-06-11 12:22:48,2026-06-11,12:22:48,my_desk
2026-06-11 12:22:48,2026-06-11,12:22:48,my_desk
2026-06-11 12:30:43,2026-06-11,12:30:43,my_desk
2026-06-11 12:36:53,2026-06-11,12:36:53,my_desk
2026-06-11 14:00:24,2026-06-11,14:00:24,rahul_desk
2026-06-11 14:00:29,2026-06-11,14:00:29,rahul_desk
2026-06-11 14:00:31,2026-06-11,14:00:31,rahul_desk
2026-06-11 14:00:34,2026-06-11,14:00:34,rahul_desk
2026-06-11 14:00:35,2026-06-11,14:00:35,rahul_desk
2026-06-11 14:00:41,2026-06-11,14:00:41,rahul_desk
2026-06-11 14:01:05,2026-06-11,14:01:05,my_desk
2026-06-11 14:01:10,2026-06-11,14:01:10,my_desk
2026-06-11 14:01:14,2026-06-11,14:01:14,my_desk
2026-06-11 14:07:46,2026-06-11,14:07:46,my_desk
2026-06-11 14:07:51,2026-06-11,14:07:51,my_desk
2026-06-11 14:08:04,2026-06-11,14:08:04,my_desk
2026-06-11 14:08:51,2026-06-11,14:08:51,my_desk
2026-06-11 14:09:51,2026-06-11,14:09:51,my_desk
2026-06-11 14:09:56,2026-06-11,14:09:56,my_desk
2026-06-11 14:10:13,2026-06-11,14:10:13,my_desk
2026-06-11 14:10:18,2026-06-11,14:10:18,my_desk
2026-06-11 15:02:45,2026-06-11,15:02:45,my_desk
2026-06-11 15:09:02,2026-06-11,15:09:02,my_desk
2026-06-11 15:16:05,2026-06-11,15:16:05,rahul_desk
2026-06-12 05:47:23,2026-06-12,05:47:23,rahul_desk
2026-06-12 05:47:36,2026-06-12,05:47:36,rahul_desk
